odom.stamp,odom.orientation.x,odom.orientation.y,odom.orientation.z,odom.orientation.w,us1.range,us2.range,us3.range,us4.range,us5.range,us6.range,odom.position.x,odom.position.y
0.998,-8.111739644634487e-05,0.002362763137847889,-0.0005544055364048581,0.9999970516980656,5.0,5.0,5.0,5.0,5.0,5.0,-0.0004319247430530637,-0.0005562529672524034
1.1,-8.743971317763197e-05,0.0023498225886657816,-0.0006374746679443415,0.9999970321526691,5.0,5.0,5.0,5.0,5.0,5.0,-0.0004850344180800936,-0.0006392159083115175
1.202,-9.819409790775555e-05,0.002358559555873244,-0.0007034612567392057,0.9999969663438989,5.0,5.0,5.0,5.0,5.0,5.0,-0.0005308633836680898,-0.0007091184533826935
1.287,-8.611384865433918e-05,0.0023676702009217047,-0.0007524811861780534,0.9999969102423714,5.0,5.0,5.0,5.0,5.0,5.0,-0.0005691083686890641,-0.0007568868597856324
1.389,-8.211586180235928e-05,0.0023730268229253705,-0.0008347103568690477,0.9999968326246353,5.0,5.0,5.0,5.0,5.0,5.0,-0.0006212061293464077,-0.0008322005067154596
1.491,-9.445250871887567e-05,0.002369723841008681,-0.0009128349035280711,0.9999967711048271,5.0,5.0,5.0,5.0,5.0,5.0,-0.0006699726185611099,-0.0009170074863748057
1.593,-7.692758173262854e-05,0.002359104936354692,-0.0009896258857518612,0.9999967246679624,5.0,5.0,5.0,5.0,5.0,5.0,-0.0007220131290332499,-0.000989405724357221
1.6949999999999998,-7.743309429841115e-05,0.00236092461698987,-0.0010513151766139363,0.9999966573821476,5.0,5.0,5.0,5.0,5.0,5.0,-0.000769959403446735,-0.0010521369614973452
1.7970000000000002,-6.549680082981563e-05,0.0023421764131827372,-0.0011465652465678915,0.999996597648189,5.0,5.0,5.0,5.0,5.0,5.0,-0.0008184593175855348,-0.0011468177186261812
1.899,-9.183833352376764e-05,0.002358519537601395,-0.0012027214618211737,0.9999964912000425,5.0,5.0,5.0,5.0,5.0,5.0,-0.000869437007242152,-0.001202573902771539
2.001,-6.382117395879868e-05,0.002346294873865867,-0.0012776855617785067,0.9999964291670386,5.0,5.0,5.0,5.0,5.0,5.0,-0.000918224276195867,-0.001276706984759411
2.103,-7.344841902715102e-05,0.0023569613130565107,-0.001353783058803318,0.9999963032982313,5.0,5.0,5.0,5.0,5.0,5.0,-0.0009685683695772884,-0.001354030135075595
2.188,-6.513027228904203e-05,0.002339543184485167,-0.0014105435428442754,0.9999962663243546,5.0,5.0,5.0,5.0,5.0,5.0,-0.0010069059913162814,-0.001405763260365122
2.29,-7.133503912207881e-05,0.002354794635533883,-0.0014826389445470774,0.9999961258101439,5.0,5.0,5.0,5.0,5.0,5.0,-0.0010531621304933625,-0.001477737436662057
2.392,-6.733818968771543e-05,0.0023474037174292194,-0.0015517706839124588,0.9999960385767037,5.0,5.0,5.0,5.0,5.0,5.0,-0.0011015630091589512,-0.0015471546816925004
2.4939999999999998,-6.230176388494556e-05,0.0023441636379725487,-0.0016221884879099517,0.9999959347516562,5.0,5.0,5.0,5.0,5.0,5.0,-0.0011500587736922308,-0.0016141358251363332
2.596,-6.005827491229576e-05,0.002338169102567274,-0.0017229293636327268,0.9999957804274273,5.0,5.0,5.0,5.0,5.0,5.0,-0.0012015095594452019,-0.0017135693666834912
2.698,-6.934270208147755e-05,0.002355148392693147,-0.001760543462741453,0.9999956744678219,5.0,5.0,5.0,5.0,5.0,5.0,-0.0012443466443608775,-0.0017539521121125216
2.8,-7.492199322236325e-05,0.002358602934063397,-0.0018464604945510699,0.9999955109711927,5.0,5.0,5.0,5.0,5.0,5.0,-0.0012949000230829122,-0.001841291801035409
2.902,-7.618721283044287e-05,0.0023593694743973457,-0.001935096013918805,0.9999953414764535,5.0,5.0,5.0,5.0,5.0,5.0,-0.0013480507660814933,-0.001930186842080039
2.987,-6.998194595403986e-05,0.0023557361790122223,-0.001972123522227676,0.9999952781580498,5.0,5.0,5.0,5.0,5.0,5.0,-0.001383381340864298,-0.001967101580973848
3.089,-9.552867146514097e-05,0.0023442810558892443,-0.0020502396178483768,0.9999951458572754,5.0,5.0,5.0,5.0,5.0,5.0,-0.0014343010642125509,-0.0020502585612415325
3.191,-7.352720074547297e-05,0.002359236654693435,-0.002113622192102796,0.9999949805860963,5.0,5.0,5.0,5.0,5.0,5.0,-0.0014804030812209379,-0.0021080289548325417
3.293,-9.38517827869428e-05,0.002344953601389563,-0.002175157592423202,0.9999948805238448,5.0,5.0,5.0,5.0,5.0,5.0,-0.0015276287461630234,-0.0021699282664204
3.395,-7.225392199370698e-05,0.0023606657743641085,-0.0022558896422022984,0.9999946664849743,5.0,5.0,5.0,5.0,5.0,5.0,-0.001577226077304622,-0.0022507540879219794
3.497,-7.22219197252885e-05,0.00236297273310702,-0.0023421720012162806,0.9999944626717558,5.0,5.0,5.0,5.0,5.0,5.0,-0.0016340180584525632,-0.0023312828683179606
3.599,-5.469375207982026e-05,0.002337001420953706,-0.002396398856718038,0.9999943963370352,5.0,5.0,5.0,5.0,5.0,5.0,-0.0016766671767899088,-0.002381417838172861
3.701,-6.546369373188274e-05,0.00235166235160608,-0.00246856326233567,0.9999941857801519,5.0,5.0,5.0,5.0,5.0,5.0,-0.0017251030986439875,-0.002455530610127316
3.803,-9.209056847153695e-05,0.002349923445915407,-0.0025217240820854673,0.999994055125719,5.0,5.0,5.0,5.0,5.0,5.0,-0.0017684514382734773,-0.0025095345465217665
3.888,-6.448702407968168e-05,0.0023506770519625617,-0.002594560447269138,0.99999386918866,5.0,5.0,5.0,5.0,5.0,5.0,-0.0018087979106519714,-0.0025814032874145586
3.99,-6.872167614740454e-05,0.002335657501847207,-0.002682443215514238,0.99999367221986,5.0,5.0,5.0,5.0,5.0,5.0,-0.0018603115204394172,-0.002670243664755108
4.092,-6.504400357467015e-05,0.0023596346241427095,-0.0027437884042129956,0.9999934497380026,5.0,5.0,5.0,5.0,5.0,5.0,-0.0019073384772514412,-0.0027281682690059794
4.194,-6.711291358973323e-05,0.0023601262664058446,-0.002803014725033792,0.9999932841816063,5.0,5.0,5.0,5.0,5.0,5.0,-0.0019532958114636956,-0.0027914809669861186
4.296,-6.654977806086036e-05,0.0023523485292739764,-0.0028795267048934764,0.9999930851528324,5.0,5.0,5.0,5.0,5.0,5.0,-0.0020017161212137757,-0.0028698195903514353
4.398,-4.959655603502219e-05,0.00233527806562558,-0.0029499160044982467,0.9999929209809959,5.0,5.0,5.0,5.0,5.0,5.0,-0.0020512209619019117,-0.0029374235781310883
4.5,-5.597334366201718e-05,0.002343510177258222,-0.0030165832269533907,0.9999927024997076,5.0,5.0,5.0,5.0,5.0,5.0,-0.002099203621237,-0.0030071340941296965
4.602,-6.302764777809429e-05,0.002350207915174461,-0.003098462236314897,0.9999924360124137,5.0,5.0,5.0,5.0,5.0,5.0,-0.0021505883913716384,-0.003089557825986629
4.704,-5.0663537085148565e-05,0.0023346972729711324,-0.003167604835791784,0.9999922564207455,5.0,5.0,5.0,5.0,5.0,5.0,-0.002197127168338142,-0.0031621065114537644
4.789,-5.376898528000394e-05,0.0023403908200430716,-0.003229128777420314,0.9999920461718906,5.0,5.0,5.0,5.0,5.0,5.0,-0.0022363341614074217,-0.0032238612000861705
4.891,-6.2374053527123e-05,0.0023510410283401743,-0.003294795037629605,0.9999918064870436,5.0,5.0,5.0,5.0,5.0,5.0,-0.002282682140957476,-0.003295279210861801
4.993,-6.274557995208334e-05,0.0023506485833423526,-0.0033694409203608184,0.999991558655429,5.0,5.0,5.0,5.0,5.0,5.0,-0.0023298791989125878,-0.003373106331166397
5.095,-5.964123726816369e-05,0.0023476681625761494,-0.0034431770470519014,0.9999913146767546,5.0,5.0,5.0,5.0,5.0,5.0,-0.0023850089571463007,-0.0034424331160795695
5.197,-5.981691282909259e-05,0.0023507403668864323,-0.0034872966710539017,0.9999911545626755,5.0,5.0,5.0,5.0,5.0,5.0,-0.002425571083636835,-0.0034802238058036436
5.299,-4.6353314221894504e-05,0.002331705941906278,-0.003577492726214545,0.9999908812307065,5.0,5.0,5.0,5.0,5.0,5.0,-0.0024781563032676146,-0.0035745319327677473
5.401,-4.883269415393419e-05,0.0023353893981139916,-0.0036429711463555614,0.9999906361226358,5.0,5.0,5.0,5.0,5.0,5.0,-0.0025261920314299247,-0.003641274025129484
5.503,-3.927804029722684e-05,0.0023259941901074203,-0.003705748223584718,0.9999904277733696,5.0,5.0,5.0,5.0,5.0,5.0,-0.0025730324960653583,-0.003703043524413698
5.588,-7.495810536293753e-05,0.0023205035112910228,-0.003776636798192533,0.9999901732813334,5.0,5.0,5.0,5.0,5.0,5.0,-0.0026168277847118115,-0.003785108632972512
5.6899999999999995,-4.853786198390774e-05,0.002339219232323219,-0.00384506860995009,0.9999898705211189,5.0,5.0,5.0,5.0,5.0,5.0,-0.002666947975154016,-0.0038466278069839346
5.792,-3.719648337729479e-05,0.002324364496045505,-0.003915135239598695,0.9999896337773542,5.0,5.0,5.0,5.0,5.0,5.0,-0.002714952352682015,-0.003912948781995723
5.894,-7.796800507525659e-05,0.002339361271121121,-0.003981432504738387,0.9999893346956474,5.0,5.0,5.0,5.0,5.0,5.0,-0.0027676253483583657,-0.003992126309849818
